timestamp,open,high,low,close,volume
2023-06-18,26473.04,26483.35,26260.74,26338.0,1699.26
2023-06-19,26338.0,27036.32,26265.34,26842.09,17956.61
2023-06-20,26842.09,28407.13,26648.29,28319.35,45985.67
2023-06-21,28319.35,30780.84,28276.59,30000.55,57981.96
2023-06-22,30000.55,30499.85,29611.53,29892.81,34380.14
2023-06-23,29892.81,31416.26,29818.21,30705.39,41294.229999999996
2023-06-24,30705.39,30811.37,30276.97,30548.2,13046.46
2023-06-25,30548.2,31051.66,30297.61,30473.64,13393.23
2023-06-26,30473.64,30658.58,29930.89,30271.91,21681.670000000002
2023-06-27,30271.91,31013.13,30232.66,30696.99,22312.52
2023-06-28,30696.99,30714.46,29862.15,30078.9,19096.0
2023-06-29,30078.9,30833.99,30043.07,30447.17,21447.12
2023-06-30,30447.17,31272.25,29465.7,30471.06,47299.15
2023-07-01,30471.06,30653.27,30321.27,30590.76,7261.72
2023-07-02,30590.76,30788.75,30181.34,30617.66,8660.64
2023-07-03,30617.66,31388.17,30575.7,31160.24,19619.43
2023-07-04,31160.24,31331.3,30638.68,30774.39,13276.49
2023-07-05,30774.39,30877.17,30201.06,30503.07,15878.72
2023-07-06,30503.07,31521.11,29869.18,29907.98,30802.78
2023-07-07,29907.98,30450.48,29725.12,30349.69,19368.34
2023-07-08,30349.69,30383.67,30056.18,30294.36,6360.9
2023-07-09,30294.36,30441.0,30074.68,30171.49,7139.61
2023-07-10,30171.49,31045.4,29964.03,30421.04,22193.84
2023-07-11,30421.04,30805.91,30314.1,30626.62,17665.78
2023-07-12,30626.62,30977.57,30214.19,30385.22,24693.12
2023-07-13,30385.22,31844.94,30259.09,31475.78,42344.72
2023-07-14,31475.78,31636.78,29929.3,30331.09,33129.0
2023-07-15,30331.09,30403.12,30258.91,30298.45,4925.15
2023-07-16,30298.45,30450.66,30083.92,30248.17,7411.2300000000005
2023-07-17,30248.17,30340.04,29675.15,30147.68,18560.09
2023-07-18,30147.68,30244.13,29538.16,29863.79,18759.38
2023-07-19,29863.79,30193.82,29765.06,29918.6,14893.37
2023-07-20,29918.6,30417.9,29577.88,29809.61,19269.43
2023-07-21,29809.61,30060.04,29737.09,29911.46,13254.74
2023-07-22,29911.46,30000.3,29635.44,29791.61,6111.66
2023-07-23,29791.61,30345.9,29738.58,30085.68,8140.54
2023-07-24,30085.68,30097.78,28860.94,29181.04,25436.71
2023-07-25,29181.04,29367.59,29054.49,29226.63,12141.49
2023-07-26,29226.63,29682.98,29098.81,29352.06,16583.36
2023-07-27,29352.06,29566.99,29082.04,29217.05,12727.550000000001
2023-07-28,29217.05,29528.45,29121.24,29316.82,11707.43
2023-07-29,29316.82,29406.57,29258.14,29358.76,4989.17
2023-07-30,29358.76,29449.84,29043.43,29283.34,7661.4
2023-07-31,29283.34,29524.99,29108.82,29231.47,14553.25
2023-08-01,29231.47,29721.48,28564.09,29699.74,28319.32
2023-08-02,29699.74,30029.06,28914.46,29163.69,28507.9
2023-08-03,29163.69,29397.03,28945.61,29177.75,15427.06
2023-08-04,29177.75,29308.95,28794.51,29078.51,12900.390000000001
2023-08-05,29078.51,29111.36,28953.98,29050.34,4135.0199999999995
2023-08-06,29050.34,29164.68,28962.89,29046.16,4361.15
2023-08-07,29046.16,29245.27,28672.37,29182.16,16388.64
2023-08-08,29182.16,30210.36,29111.88,29770.51,26561.93
2023-08-09,29770.51,30120.86,29356.43,29566.47,17933.1
2023-08-10,29566.47,29707.55,29319.58,29428.1,12722.03
2023-08-11,29428.1,29535.4,29219.56,29403.56,10550.460000000001
2023-08-12,29403.56,29471.12,29356.08,29417.08,3495.95
2023-08-13,29417.08,29447.27,29257.12,29281.55,3928.79
2023-08-14,29281.55,29664.61,29082.39,29409.22,12333.02
2023-08-15,29409.22,29460.86,29056.77,29171.23,10214.86
2023-08-16,29171.23,29228.22,28696.21,28702.8,16506.95
2023-08-17,28702.8,28752.02,25328.06,26629.67,50603.689999999995
2023-08-18,26629.67,26823.13,25629.62,26049.69,33853.3
2023-08-19,26049.69,26266.25,25797.39,26095.8,10190.61
2023-08-20,26095.8,26291.33,25983.85,26191.01,7358.66
2023-08-21,26191.01,26248.2,25819.92,26126.18,16512.69
2023-08-22,26126.18,26137.6,25369.8,26043.01,19880.36
2023-08-23,26043.01,26807.82,25802.48,26429.4,25584.13
2023-08-24,26429.4,26565.88,25859.32,26166.22,17135.14
2023-08-25,26166.22,26291.13,25759.58,26051.29,18808.91
2023-08-26,26051.29,26109.19,25979.58,26010.35,3572.85
2023-08-27,26010.35,26168.79,25966.75,26091.32,4137.96
2023-08-28,26091.32,26233.53,25861.84,26106.0,11633.39
2023-08-29,26106.0,28154.08,25911.89,27724.41,39870.369999999995
2023-08-30,27724.41,27766.41,27036.49,27305.41,19031.6
2023-08-31,27305.41,27563.68,25683.18,25937.29,27850.07
2023-09-01,25937.29,26137.14,25323.44,25798.79,24807.16
2023-09-02,25798.79,25980.31,25729.66,25868.56,7017.96
2023-09-03,25868.56,26115.72,25805.82,25971.37,6190.03
2023-09-04,25971.37,26089.36,25636.28,25816.24,8832.39
2023-09-05,25816.24,25878.61,25567.56,25785.01,10888.32
2023-09-06,25785.01,26019.64,25379.85,25751.71,15183.61
2023-09-07,25751.71,26426.41,25600.8,26264.75,18952.42
2023-09-08,26264.75,26443.61,25650.9,25907.13,18556.329999999998
2023-09-09,25907.13,25936.62,25799.89,25898.41,4094.38
2023-09-10,25898.41,26020.84,25589.02,25833.67,8434.23
2023-09-11,25833.67,25889.38,24911.78,25157.07,24481.73
2023-09-12,25157.07,26545.24,25128.37,25840.34,36111.44
2023-09-13,25840.34,26432.59,25768.65,26227.49,18955.33
2023-09-14,26227.49,26845.74,26136.39,26533.66,24488.81
2023-09-15,26533.66,26879.57,26224.91,26605.49,17339.0
2023-09-16,26605.49,26771.68,26459.99,26569.13,7062.92
2023-09-17,26569.13,26621.93,26413.39,26533.12,5698.32
2023-09-18,26533.12,27425.7,26394.81,26767.82,29536.93
2023-09-19,26767.82,27493.85,26676.6,27219.02,24703.81
2023-09-20,27219.02,27389.22,26814.07,27126.4,21439.579999999998
2023-09-21,27126.4,27162.0,26373.55,26567.47,20948.09
2023-09-22,26567.47,26738.04,26478.87,26583.16,15354.82
2023-09-23,26583.16,26640.84,26522.49,26585.41,5251.29
2023-09-24,26585.41,26732.91,26146.79,26261.44,9848.34
2023-09-25,26261.44,26439.02,25997.17,26297.93,19804.28
2023-09-26,26297.93,26395.42,26090.75,26212.59,12902.07
2023-09-27,26212.59,26828.5,26096.78,26360.2,24188.100000000002
2023-09-28,26360.2,27306.05,26328.53,27027.2,30832.52
2023-09-29,27027.2,27233.94,26674.22,26909.4,21721.7
2023-09-30,26909.4,27095.39,26887.09,26964.27,7260.75
2023-10-01,26964.27,28060.49,26958.76,27994.51,16861.16
2023-10-02,27994.51,28585.13,27312.81,27507.22,42701.4
2023-10-03,27507.22,27669.05,27170.07,27428.66,22621.25
2023-10-04,27428.66,27836.54,27222.97,27789.8,18061.22
2023-10-05,27789.8,28128.37,27363.01,27414.59,25127.81
2023-10-06,27414.59,28280.04,27181.63,27946.61,25278.58
2023-10-07,27946.61,28035.05,27864.11,27973.69,7351.07
2023-10-08,27973.69,28105.36,27714.35,27933.57,8547.03
2023-10-09,27933.57,27999.8,27282.89,27598.77,21887.87
2023-10-10,27598.77,27735.72,27298.5,27395.4,18600.94
2023-10-11,27395.4,27475.69,26531.55,26871.21,30496.52
2023-10-12,26871.21,26937.98,26549.78,26756.23,16400.39
2023-10-13,26756.23,27110.91,26674.97,26862.9,18507.04
2023-10-14,26862.9,26982.78,26810.02,26854.52,5865.21
2023-10-15,26854.52,27297.26,26813.06,27177.41,10978.68
2023-10-16,27177.41,30009.15,27131.48,28518.37,66720.47
2023-10-17,28518.37,28628.83,28094.14,28409.46,26038.85
2023-10-18,28409.46,28988.79,28156.7,28328.07,23999.53
2023-10-19,28328.07,28927.17,28135.5,28733.78,25550.36
2023-10-20,28733.78,30243.12,28596.96,29684.37,42016.1
2023-10-21,29684.37,30365.61,29480.22,29924.08,15637.81
2023-10-22,29924.08,30232.64,29674.58,30001.44,13845.91
2023-10-23,30001.44,34739.17,29898.26,33084.08,73249.43
2023-10-24,33084.08,35183.22,32857.8,33923.52,75112.65
2023-10-25,33923.52,35136.87,33698.9,34503.4,43002.86
2023-10-26,34503.4,34836.51,33746.16,34157.06,36463.11
2023-10-27,34157.06,34246.78,33406.13,33907.7,30792.41
2023-10-28,33907.7,34494.4,33876.07,34090.05,10888.98
2023-10-29,34090.05,34761.09,33947.8,34535.38,13639.49
2023-10-30,34535.38,34862.12,34090.22,34494.56,23948.91
2023-10-31,34494.56,34726.05,34058.4,34657.73,21982.74
2023-11-01,34657.73,35623.76,34096.9,35439.76,34274.24
2023-11-02,35439.76,35973.2,34323.19,34947.15,31205.23
2023-11-03,34947.15,34950.21,34118.29,34732.28,27811.98
2023-11-04,34732.28,35278.07,34606.38,35086.09,10840.4
2023-11-05,35086.09,35393.84,34489.02,35039.47,15210.52
2023-11-06,35039.47,35288.36,34758.64,35054.59,17520.43
2023-11-07,35054.59,35929.83,34537.87,35421.85,28810.78
2023-11-08,35421.85,36109.43,35120.46,35638.33,26404.64
2023-11-09,35638.33,37990.51,35557.78,36704.14,62530.56
2023-11-10,36704.14,37536.44,36342.27,37321.51,32545.3
2023-11-11,37321.51,37417.29,36701.83,37142.22,14920.48
2023-11-12,37142.22,37233.45,36747.05,37079.76,9320.869999999999
2023-11-13,37079.76,37429.52,36358.0,36482.51,24368.52
2023-11-14,36482.51,36752.31,34788.17,35551.21,33896.66
2023-11-15,35551.21,37977.31,35374.22,37884.19,39005.979999999996
2023-11-16,37884.19,37951.14,35512.38,36162.42,38917.76
2023-11-17,36162.42,36780.63,35873.7,36626.32,28253.7
2023-11-18,36626.32,36853.45,36212.85,36591.19,8649.04
2023-11-19,36591.19,37529.1,36411.61,37388.64,11668.96
2023-11-20,37388.64,37770.11,36767.05,37476.66,31117.440000000002
2023-11-21,37476.66,37665.29,35753.93,35758.72,42793.3
2023-11-22,35758.72,37866.63,35656.41,37424.2,36262.62
2023-11-23,37424.2,37646.06,36892.34,37299.18,16793.739999999998
2023-11-24,37299.18,38432.07,37262.39,37737.05,34951.49
2023-11-25,37737.05,37907.84,37616.03,37801.92,8271.55
2023-11-26,37801.92,37829.46,37159.52,37460.21,12751.26
2023-11-27,37460.21,37568.17,36727.3,37246.29,24674.21
2023-11-28,37246.29,38410.41,36879.99,37836.63,33506.07
2023-11-29,37836.63,38456.97,37589.12,37861.9,27433.72
2023-11-30,37861.9,38149.78,37505.7,37729.58,16874.63
2023-12-01,37729.58,38982.35,37626.12,38699.84,32942.56
2023-12-02,38699.84,39712.52,38659.45,39469.35,17299.38
2023-12-03,39469.35,40203.23,39288.91,39980.93,16087.64
2023-12-04,39980.93,42399.42,39980.36,41984.41,48574.88
2023-12-05,41984.41,44639.18,41368.51,44089.06,52083.86
2023-12-06,44089.06,44286.67,43386.17,43771.01,39080.770000000004
2023-12-07,43771.01,44050.53,42856.57,43285.02,30381.149999999998
2023-12-08,43285.02,44735.52,43094.02,44186.18,29502.74
2023-12-09,44186.18,44373.02,43597.57,43723.0,15066.32
2023-12-10,43723.0,44047.82,43584.51,43791.67,11497.58
2023-12-11,43791.67,43808.9,40180.77,41235.58,58689.6
2023-12-12,41235.58,42080.61,40648.18,41472.94,31480.370000000003
2023-12-13,41472.94,43461.75,40579.83,42887.55,36203.69
2023-12-14,42887.55,43416.91,41433.23,43030.6,34166.33
2023-12-15,43030.6,43091.28,41662.1,41939.16,25157.32
2023-12-16,41939.16,42678.86,41640.84,42243.26,13495.73
2023-12-17,42243.26,42372.05,41228.17,41349.42,18460.87
2023-12-18,41349.42,42744.41,40512.69,42650.27,32860.729999999996
2023-12-19,42650.27,43454.44,41796.54,42268.08,30940.13
2023-12-20,42268.08,44303.12,42195.52,43669.91,41481.08
2023-12-21,43669.91,44245.16,43306.15,43875.01,29872.98
2023-12-22,43875.01,44417.78,43426.51,44008.04,24740.37
2023-12-23,44008.04,44024.62,43338.34,43732.75,10973.31
2023-12-24,43732.75,43965.2,42635.13,43023.12,14281.15
2023-12-25,43023.12,43808.21,42763.83,43593.79,14747.02
2023-12-26,43593.79,43604.51,41616.59,42517.32,30529.56
2023-12-27,42517.32,43694.83,42121.77,43469.34,27420.31
2023-12-28,43469.34,43817.61,42283.91,42588.94,29112.059999999998
2023-12-29,42588.94,43134.59,41296.86,42073.59,34268.43
2023-12-30,42073.59,42595.81,41529.95,42146.03,21511.56
2023-12-31,42146.03,42863.11,41970.37,42280.14,21509.239999999998
2024-01-01,42280.14,44210.89,42187.32,44197.61,19499.57
2024-01-02,44197.61,45918.98,44181.86,44970.34,57443.33
2024-01-03,44970.34,45513.73,40214.67,42854.08,82056.18000000001
2024-01-04,42854.08,44797.03,42657.44,44194.38,49538.94
2024-01-05,44194.38,44377.15,42508.08,44178.89,54169.32
2024-01-06,44178.89,44248.4,43444.9,43988.33,16352.130000000001
2024-01-07,43988.33,44496.47,43639.57,43950.84,20056.43
2024-01-08,43950.84,47295.94,43209.8,46988.14,66057.67
2024-01-09,46988.14,47923.17,44889.64,46123.0,66281.91
2024-01-10,46123.0,47705.84,44326.32,46667.48,80226.64
2024-01-11,46667.48,49054.05,45580.11,46353.15,77548.88
2024-01-12,46353.15,46512.17,41454.57,42776.42,87031.78
2024-01-13,42776.42,43243.47,42438.36,42839.19,23024.71
2024-01-14,42839.19,43060.49,41702.53,41704.39,21730.6
2024-01-15,41704.39,43325.88,41687.69,42491.26,24561.11
2024-01-16,42491.26,43562.19,42047.82,43130.88,36429.24
2024-01-17,43130.88,43183.19,42172.64,42739.27,32911.229999999996
2024-01-18,42739.27,42876.35,40606.86,41286.68,45180.39
2024-01-19,41286.68,42151.57,40246.58,41625.47,45191.13
2024-01-20,41625.47,41846.45,41433.27,41677.08,13096.14
2024-01-21,41677.08,41862.83,41493.59,41570.17,9176.94
2024-01-22,41570.17,41669.9,39396.81,39523.63,56109.4
2024-01-23,39523.63,40136.09,38512.34,39876.44,46007.479999999996
2024-01-24,39876.44,40526.25,39429.31,40078.62,37009.85
2024-01-25,40078.62,40280.91,39523.94,39941.74,29183.88
2024-01-26,39941.74,42227.71,39814.87,41816.55,42739.479999999996
2024-01-27,41816.55,42191.83,41393.22,42124.02,10632.46
2024-01-28,42124.02,42822.8,41632.18,42028.92,16615.66
2024-01-29,42028.92,43308.42,41804.05,43302.28,27783.76
2024-01-30,43302.28,43855.77,42690.4,42943.64,34500.07
2024-01-31,42943.64,43734.38,42276.82,42555.08,39491.24
2024-02-01,42555.08,43267.39,41855.88,43073.2,29018.46
2024-02-02,43073.2,43452.76,42536.21,43181.71,26779.08
2024-02-03,43181.71,43355.76,42874.37,42999.52,7556.62
2024-02-04,42999.52,43093.79,42232.02,42570.21,9589.32
2024-02-05,42570.21,43518.7,41931.59,42664.56,24867.16
2024-02-06,42664.56,43360.05,42526.92,43091.51,22482.96
2024-02-07,43091.51,44402.0,42766.8,44339.04,30331.78
2024-02-08,44339.04,45622.13,44333.87,45304.61,39654.65
2024-02-09,45304.61,48208.27,45257.22,47154.23,50590.4
2024-02-10,47154.23,48166.14,46894.61,47768.12,16452.46
2024-02-11,47768.12,48597.46,47592.04,48311.16,19858.97
2024-02-12,48311.16,50339.2,47718.59,49942.97,47112.86
2024-02-13,49942.97,50392.92,48336.83,49733.11,42027.04
2024-02-14,49733.11,52085.66,49272.58,51844.19,43948.6
2024-02-15,51844.19,52845.45,51357.81,51934.57,42990.15
2024-02-16,51934.57,52598.05,51604.88,52163.28,32295.22
2024-02-17,52163.28,52201.89,50647.34,51668.78,17696.93
2024-02-18,51668.78,52393.59,51194.3,52139.33,14716.28
2024-02-19,52139.33,52487.6,51691.25,51781.22,18980.35
2024-02-20,51781.22,52985.95,50766.77,52269.59,39504.31
2024-02-21,52269.59,52375.42,50633.49,51854.36,32665.41
2024-02-22,51854.36,52056.01,50914.97,51263.67,30501.44
2024-02-23,51263.67,51509.58,50523.07,50744.07,26365.92
2024-02-24,50744.07,51687.88,50583.66,51574.61,10707.22
2024-02-25,51574.61,51957.87,51288.57,51727.63,12394.69
2024-02-26,51727.63,54939.87,50920.53,54518.58,47961.25
2024-02-27,54518.58,57612.94,54483.19,57071.6,62683.92
2024-02-28,57071.6,64086.08,56726.31,62507.1,102181.70999999999
2024-02-29,62507.1,63652.76,60370.98,61179.58,84709.06999999999
2024-03-01,61179.58,63226.77,60795.21,62431.25,52747.37
2024-03-02,62431.25,62479.07,61631.05,62038.39,20264.53
2024-03-03,62038.39,63254.84,61392.4,63149.43,20301.48
2024-03-04,63149.43,68562.03,62363.97,68338.64,79177.14
2024-03-05,68338.64,69244.55,59268.68,63804.11,126873.13
2024-03-06,63804.11,67645.97,62851.27,66115.57,68031.77
2024-03-07,66115.57,68065.89,65610.94,66928.15,41800.64
2024-03-08,66928.15,70151.23,66173.73,68269.39,59361.93
2024-03-09,68269.39,68663.92,68026.81,68446.32,16947.12
2024-03-10,68446.32,69976.84,68218.19,69023.53,27687.02
2024-03-11,69023.53,72872.77,67170.42,72095.86,62709.71
2024-03-12,72095.86,72996.99,68636.43,71449.5,58546.01
2024-03-13,71449.5,73672.14,71329.7,73118.09,41314.41
2024-03-14,73118.09,73802.64,68493.91,71366.96,60698.99
2024-03-15,71366.96,72394.97,65579.78,69497.39,73358.94
2024-03-16,69497.39,70043.23,64783.87,65260.55,33956.53
2024-03-17,65260.55,68873.88,64529.3,68364.45,29362.49
2024-03-18,68364.45,68925.18,66584.49,67609.44,38542.53
2024-03-19,67609.44,68116.53,61529.15,61924.02,75848.92
2024-03-20,61924.02,68139.33,60782.8,67857.3,69671.21
2024-03-21,67857.3,68229.38,64548.09,65493.22,38234.74
2024-03-22,65493.22,66643.64,62321.3,63816.99,37343.37
2024-03-23,63816.99,66005.71,63025.99,64004.42,19360.47
2024-03-24,64004.42,67623.78,63802.82,67208.33,19120.87
2024-03-25,67208.33,71202.65,66400.46,69892.26,46100.62
2024-03-26,69892.26,71558.85,69294.69,69990.22,32990.340000000004
2024-03-27,69990.22,71762.06,68384.71,69434.46,40450.729999999996
2024-03-28,69434.46,71593.93,68864.89,70789.57,31346.02
2024-03-29,70789.57,70925.04,69059.03,69903.72,17382.89
2024-03-30,69903.72,70356.07,69586.01,69629.99,7371.12
2024-03-31,69629.99,71389.78,69601.39,71312.91,10567.65
2024-04-01,71312.91,71325.61,68074.92,69686.37,28892.19
2024-04-02,69686.37,69703.1,64571.71,65466.81,48905.67
2024-04-03,65466.81,66925.93,64514.87,65986.11,27792.87
2024-04-04,65986.11,69343.32,65081.42,68523.79,36673.5
2024-04-05,68523.79,68772.34,65994.65,67860.53,32904.81
2024-04-06,67860.53,69672.09,67483.82,68913.79,11314.77
2024-04-07,68913.79,70303.08,68877.35,69357.32,13691.77
2024-04-08,69357.32,72750.51,69064.41,71629.36,36459.35
2024-04-09,71629.36,71748.92,68213.24,69129.48,34538.71
2024-04-10,69129.48,71150.5,67480.7,70628.54,37142.43
2024-04-11,70628.54,71297.81,69558.05,70026.43,24988.44
2024-04-12,70026.43,71246.69,65257.57,67158.3,49331.159999999996
2024-04-13,67158.3,68422.6,61079.47,64021.36,56915.72
2024-04-14,64021.36,65874.88,62229.8,65765.64,40968.05
2024-04-15,65765.64,66902.94,62328.07,63447.27,40978.2
2024-04-16,63447.27,64385.46,61667.72,63824.7,35542.57
2024-04-17,63824.7,64503.77,59682.79,61283.74,41504.21
2024-04-18,61283.74,64181.25,60829.27,63511.2,31452.850000000002
2024-04-19,63511.2,65491.94,59607.49,63848.26,46058.37
2024-04-20,63848.26,65453.07,63140.68,64979.21,13464.039999999999
2024-04-21,64979.21,65724.22,64271.77,64955.82,13150.63
2024-04-22,64955.82,67257.68,64536.42,66854.24,22839.739999999998
2024-04-23,66854.24,67211.15,65835.93,66415.06,17575.62
2024-04-24,66415.06,67067.52,63556.97,64263.95,28785.93
2024-04-25,64263.95,65279.7,62759.65,64488.49,26730.51
2024-04-26,64488.49,64795.15,63307.56,63750.63,19914.4
2024-04-27,63750.63,63904.85,62408.97,63434.44,12684.86
2024-04-28,63434.44,64335.08,62769.01,63111.34,10104.62
2024-04-29,63111.34,64192.54,61768.51,63847.54,21849.86
2024-04-30,63847.54,64721.13,59097.29,60633.97,41212.83
2024-05-01,60633.97,60788.52,56516.09,58277.44,52053.79
2024-05-02,58277.44,59628.08,56936.28,59083.85,29471.88
2024-05-03,59083.85,63355.83,58835.76,62917.45,35180.39
2024-05-04,62917.45,64539.14,62587.84,63904.51,16206.9
2024-05-05,63904.51,64634.43,62923.47,64037.5,12595.58
2024-05-06,64037.5,65517.33,62715.9,63168.44,24082.54
2024-05-07,63168.44,64403.15,62274.09,62323.36,20907.22
2024-05-08,62323.36,63004.6,60867.52,61179.81,18593.39
2024-05-09,61179.81,63429.98,60623.94,63077.18,18440.56
2024-05-10,63077.18,63469.13,60181.24,60790.82,25390.33
2024-05-11,60790.82,61489.54,60474.73,60823.19,8298.11
2024-05-12,60823.19,61838.51,60600.9,61459.22,8214.51
2024-05-13,61459.22,63445.72,60758.38,62932.29,21250.02
2024-05-14,62932.29,63097.07,61094.77,61548.48,26392.03
2024-05-15,61548.48,66467.29,61325.48,66245.16,40708.38
2024-05-16,66245.16,66760.54,64600.05,65250.53,24275.94
2024-05-17,65250.53,67489.24,65120.39,67051.35,23340.47
2024-05-18,67051.35,67397.7,66633.01,66927.56,8752.23
2024-05-19,66927.56,67696.21,65878.18,66268.25,9725.65
2024-05-20,66268.25,71546.4,66071.74,71430.23,38260.49
2024-05-21,71430.23,71964.79,69158.99,70141.17,30747.6
2024-05-22,70141.17,70643.89,68952.24,69123.56,22981.44
2024-05-23,69123.56,70037.76,66370.0,67946.35,28168.78
2024-05-24,67946.35,69264.17,66613.35,68548.33,18239.62
2024-05-25,68548.33,69599.81,68498.87,69288.95,5972.01
2024-05-26,69288.95,69511.53,68156.05,68488.29,5502.87
2024-05-27,68488.29,70613.89,68227.32,69386.83,13110.64
2024-05-28,69386.83,69533.54,67206.37,68330.84,22223.81
2024-05-29,68330.84,68858.38,67099.33,67576.81,16353.37
2024-05-30,67576.81,69520.94,67107.22,68346.19,20828.66
2024-05-31,68346.19,69012.82,66605.09,67482.25,19922.05
2024-06-01,67482.25,67831.31,67383.55,67721.6,4400.73
2024-06-02,67721.6,68409.58,67279.96,67738.74,6731.42
2024-06-03,67738.74,70283.97,67584.62,68799.6,22783.46
2024-06-04,68799.6,71090.99,68553.54,70548.51,29746.56
2024-06-05,70548.51,71782.2,70371.34,71117.68,21737.59
2024-06-06,71117.68,71642.27,70113.83,70772.35,16078.41
2024-06-07,70772.35,71943.4,68439.15,69330.51,28318.23
2024-06-08,69330.51,69547.91,69152.66,69303.58,5753.01
2024-06-09,69303.58,69837.26,69131.01,69639.42,5137.65
2024-06-10,69639.42,70172.0,69166.61,69505.57,12116.49
2024-06-11,69505.57,69550.65,66054.78,67319.41,31800.91
2024-06-12,67319.41,70021.47,66896.79,68247.0,31159.86
2024-06-13,68247.0,68428.43,66224.61,66742.54,23051.52
2024-06-14,66742.54,67317.79,65026.62,66006.13,24684.71
2024-06-15,66006.13,66419.48,65832.26,66188.81,6139.62
2024-06-16,66188.81,66916.83,66012.05,66631.59,6512.06
2024-06-17,66631.59,67264.71,65062.53,66481.73,28974.79
2024-06-18,66481.73,66570.67,64033.69,65158.02,35263.18
2024-06-19,65158.02,65708.56,64656.84,64950.82,13478.88
2024-06-20,64950.82,66462.52,64527.9,64847.89,22559.77
2024-06-21,64847.89,65018.39,63350.87,64119.34,22310.92
2024-06-22,64119.34,64500.0,63924.68,64250.18,5570.49
2024-06-23,64250.18,64504.84,63154.88,63181.02,6504.6900000000005
2024-06-24,63181.02,63335.53,58443.98,60270.95,48177.23
2024-06-25,60270.95,62385.37,60232.04,61796.56,31697.11
2024-06-26,61796.56,62471.55,60684.69,60824.43,23423.62
2024-06-27,60824.43,62341.3,60562.27,61630.1,22562.670000000002
2024-06-28,61630.1,62168.03,59907.92,60324.3,24288.32
2024-06-29,60324.3,61129.31,60294.22,60905.3,9214.23
2024-06-30,60905.3,62949.76,60637.5,62685.88,12626.64
2024-07-01,62685.88,63800.98,62462.2,62841.27,25708.73
2024-07-02,62841.27,63219.74,61453.08,62044.48,20510.77
2024-07-03,62044.48,62198.73,59373.07,60157.2,27365.91
2024-07-04,60157.2,60428.43,56728.63,57041.11,40351.86
2024-07-05,57041.11,57494.97,53528.09,56646.24,57490.15
2024-07-06,56646.24,58495.08,56035.03,58255.65,18766.94
2024-07-07,58255.65,58452.39,55734.13,55866.6,18402.25
2024-07-08,55866.6,58166.93,54305.08,56709.76,43439.520000000004
2024-07-09,56709.76,58289.53,56296.1,58047.2,29452.61
2024-07-10,58047.2,59463.57,57165.19,57725.78,28064.27
2024-07-11,57725.78,59494.11,57072.63,57348.75,29764.16
2024-07-12,57348.75,58543.78,56554.34,57913.68,27242.7
2024-07-13,57913.68,59866.89,57784.15,59231.06,13963.31
2024-07-14,59231.06,61424.95,59222.6,60818.77,20080.87
2024-07-15,60818.77,64936.75,60688.12,64765.55,43679.37
2024-07-16,64765.55,65399.48,62434.72,65087.61,38850.8
2024-07-17,65087.61,66131.67,63872.53,64096.64,28170.65
2024-07-18,64096.64,65118.55,63235.08,63981.43,21904.29
2024-07-19,63981.43,67468.45,63305.25,66708.49,33756.79
2024-07-20,66708.49,67626.82,66291.51,67163.86,12566.27
2024-07-21,67163.86,68370.58,65840.58,68176.98,18123.31
2024-07-22,68176.98,68490.59,66594.51,67567.71,26713.0
2024-07-23,67567.71,67774.86,65465.88,65939.83,29465.68
2024-07-24,65939.83,67120.99,65112.45,65375.53,21576.01
2024-07-25,65375.53,66154.31,63429.11,65794.0,29473.48
2024-07-26,65794.0,68219.43,65734.24,67925.17,24567.97
2024-07-27,67925.17,69416.52,66675.48,67904.55,26420.73
2024-07-28,67904.55,68306.74,67054.94,68252.75,11980.7
2024-07-29,68252.75,70027.05,66436.99,66782.78,33524.020000000004
2024-07-30,66782.78,66989.18,65293.95,66180.04,24376.59
2024-07-31,66180.04,66826.66,64508.96,64617.83,24304.84
2024-08-01,64617.83,65590.04,62238.44,65300.21,37045.09
2024-08-02,65300.21,65548.28,61165.12,61422.3,40943.43
2024-08-03,61422.3,62154.66,59838.49,60679.28,26176.08
2024-08-04,60679.28,61075.03,57174.97,58135.89,28092.99
2024-08-05,58135.89,58275.19,49202.81,54031.82,117153.31999999999
2024-08-06,54031.82,57077.92,53987.77,56057.67,44255.77
2024-08-07,56057.67,57753.96,54580.16,55130.45,39691.909999999996
2024-08-08,55130.45,62717.23,54751.57,61708.53,48215.7
2024-08-09,61708.53,61752.64,59573.13,60868.88,32998.37
2024-08-10,60868.88,61478.08,60270.33,60940.82,11935.68
2024-08-11,60940.82,61842.63,58331.17,58725.0,18214.190000000002
2024-08-12,58725.0,60708.39,57677.54,59360.89,33285.38
2024-08-13,59360.89,61603.92,58440.76,60609.73,28787.920000000002
2024-08-14,60609.73,61788.76,58461.76,58698.05,30973.88
2024-08-15,58698.05,59869.57,56132.98,57552.92,34692.54
2024-08-16,57552.92,59851.62,57106.84,58893.67,29186.89
2024-08-17,58893.67,59708.69,58815.46,59497.94,9691.69
2024-08-18,59497.94,60280.79,58433.69,58439.22,13915.73
2024-08-19,58439.22,59632.55,57828.14,59464.41,24222.41
2024-08-20,59464.41,61442.89,58588.82,59027.55,31292.989999999998
2024-08-21,59027.55,61851.26,58806.66,61170.8,38408.35
2024-08-22,61170.8,61426.96,59756.43,60387.29,28924.5
2024-08-23,60387.29,64982.66,60351.28,64087.8,42020.68
2024-08-24,64087.8,64523.11,63591.53,64180.77,15286.56
2024-08-25,64180.77,65058.66,63828.67,64264.62,12753.38
2024-08-26,64264.62,64504.12,62816.08,62850.27,27037.85
2024-08-27,62850.27,63220.85,58045.32,59441.73,39241.270000000004
2024-08-28,59441.73,60232.58,57868.47,59043.5,38043.05
2024-08-29,59043.5,61191.57,58735.81,59369.85,34345.840000000004
2024-08-30,59369.85,59926.33,57725.72,59129.05,35023.22
2024-08-31,59129.05,59456.66,58759.04,58989.17,8035.76
2024-09-01,58989.17,59085.64,57217.94,57313.44,22352.510000000002
2024-09-02,57313.44,59431.04,57135.27,59147.8,23766.29
2024-09-03,59147.8,59825.44,57411.84,57481.84,26568.39
2024-09-04,57481.84,58532.47,55625.58,57975.52,43027.18
2024-09-05,57975.52,58329.93,55651.61,56167.4,38784.48
2024-09-06,56167.4,57004.28,52552.05,53954.33,69521.38
2024-09-07,53954.33,54852.05,53742.58,54167.82,17050.65
2024-09-08,54167.82,55321.44,53631.93,54879.33,19159.78
2024-09-09,54879.33,58005.33,54591.28,57056.31,42637.43
2024-09-10,57056.31,58050.66,56397.36,57642.43,33391.42
2024-09-11,57642.43,58002.86,55554.25,57354.27,55576.27
2024-09-12,57354.27,58573.29,57330.99,58140.61,40914.840000000004
2024-09-13,58140.61,60666.01,57637.58,60548.12,40546.39
2024-09-14,60548.12,60653.12,59433.38,60013.26,15042.25
2024-09-15,60013.26,60409.32,58697.69,59139.21,19176.35
2024-09-16,59139.21,59215.73,57486.82,58210.01,33106.35
2024-09-17,58210.01,61356.68,57624.63,60321.59,40712.53
2024-09-18,60321.59,61794.54,59185.2,61775.68,48151.3
2024-09-19,61775.68,63881.87,61582.28,62963.41,46829.95
2024-09-20,62963.41,64131.22,62345.57,63211.47,34617.53
2024-09-21,63211.47,63548.08,62767.25,63363.17,12142.68
2024-09-22,63363.17,64015.58,62394.47,63587.45,18884.06
2024-09-23,63587.45,64749.32,62584.5,63341.97,27280.28
2024-09-24,63341.97,64698.02,62710.48,64276.65,32160.65
2024-09-25,64276.65,64823.35,62938.97,63144.83,23967.21
2024-09-26,63144.83,65861.15,62660.36,65183.68,43302.59
2024-09-27,65183.68,66547.69,64839.11,65790.28,36162.6
2024-09-28,65790.28,66267.41,65442.19,65868.67,10383.47
2024-09-29,65868.67,66081.97,65440.3,65611.98,11532.91
2024-09-30,65611.98,65627.43,62846.03,63314.81,42395.99
2024-10-01,63314.81,64112.99,60156.13,60790.06,67326.52
2024-10-02,60790.06,62383.28,59976.82,60641.8,55652.18
2024-10-03,60641.8,61478.71,59846.16,60746.35,50457.09
2024-10-04,60746.35,62480.52,60458.33,62094.06,38904.69
2024-10-05,62094.06,62377.77,61689.84,62059.19,10082.43
2024-10-06,62059.19,62976.08,61815.61,62821.76,13418.94
2024-10-07,62821.76,64458.38,62129.23,62209.84,41062.62
2024-10-08,62209.84,63185.68,61832.71,62129.17,33506.86
2024-10-09,62129.17,62513.84,60252.65,60585.22,37528.71
2024-10-10,60585.22,61251.26,58869.24,60280.38,42405.44
2024-10-11,60280.38,63418.56,60039.18,62517.42,36112.64
2024-10-12,62517.42,63469.71,62473.78,63197.03,15673.61
2024-10-13,63197.03,63276.36,62036.49,62854.48,16786.01
2024-10-14,62854.48,66494.04,62438.82,66068.25,50393.52
2024-10-15,66068.25,67938.85,64791.36,67064.69,51909.81
2024-10-16,67064.69,68401.67,66752.45,67614.71,42024.19
2024-10-17,67614.71,67931.28,66643.91,67408.87,32063.02
2024-10-18,67408.87,69016.74,67167.07,68425.63,36869.6
2024-10-19,68425.63,68681.33,68009.42,68370.04,7712.38
2024-10-20,68370.04,69385.31,68094.66,69020.94,11999.25
2024-10-21,69020.94,69501.44,66811.42,67358.14,36536.87
2024-10-22,67358.14,67800.62,66540.7,67390.32,32484.75
2024-10-23,67390.32,67436.29,65171.54,66612.97,32488.79
2024-10-24,66612.97,68812.4,66456.7,68163.56,31715.53
2024-10-25,68163.56,68745.57,65510.53,66577.77,43824.43
2024-10-26,66577.77,67366.46,66343.25,67014.72,14159.15
2024-10-27,67014.72,68254.55,66852.5,67945.14,12105.31
2024-10-28,67945.14,70241.74,67541.0,69925.83,42091.93
2024-10-29,69925.83,73612.24,69725.05,72723.67,58289.36
2024-10-30,72723.67,72945.06,71408.4,72331.96,38392.15
2024-10-31,72331.96,72675.24,69585.02,70207.54,39358.15
2024-11-01,70207.54,71616.01,68755.75,69473.41,49030.13
2024-11-02,69473.41,69884.38,69006.88,69354.01,10811.17
2024-11-03,69354.01,69364.8,67457.91,68747.04,29674.18
2024-11-04,68747.04,69453.56,66793.64,67811.95,43141.340000000004
2024-11-05,67811.95,70540.03,67432.99,69378.09,47211.37
2024-11-06,69378.09,76482.2,69295.92,75643.57,116207.85
2024-11-07,75643.57,76963.92,74472.09,75922.41,58490.53
2024-11-08,75922.41,77289.29,75656.7,76562.31,48629.32
2024-11-09,76562.31,76949.29,75763.57,76716.41,15808.44
2024-11-10,76716.41,81520.53,76545.66,80429.43,57715.2
2024-11-11,80429.43,89644.7,80283.65,88758.31,104407.31999999999
2024-11-12,88758.31,90006.57,85125.04,88040.54,117605.9
2024-11-13,88040.54,93479.86,86252.86,90498.51,124766.84
2024-11-14,90498.51,91817.29,86679.1,87334.19,81846.21
2024-11-15,87334.19,91897.76,87118.43,91058.92,71049.88
2024-11-16,91058.92,91810.87,90092.82,90630.94,27488.76
2024-11-17,90630.94,91436.45,88728.28,89877.16,30966.65
2024-11-18,89877.16,92649.98,87547.97,90514.83,66007.84
2024-11-19,90514.83,94056.9,90414.27,92418.48,64909.55
2024-11-20,92418.48,95056.1,91612.46,94379.92,70180.19
2024-11-21,94379.92,99056.4,94152.97,98436.25,89243.48
2024-11-22,98436.25,99772.99,97207.77,99010.89,74286.53
2024-11-23,99010.89,99023.88,97219.23,97765.04,29017.15
2024-11-24,97765.04,98670.34,95781.2,98018.2,30269.65
2024-11-25,98018.2,98974.51,92592.66,93019.38,68259.18000000001
2024-11-26,93019.38,95007.52,90730.54,91903.89,77087.78
2024-11-27,91903.89,97373.56,91757.22,95957.51,47765.92
2024-11-28,95957.51,96672.28,94677.17,95670.41,24214.49
2024-11-29,95670.41,98735.69,95391.39,97510.92,39884.82
2024-11-30,97510.92,97514.26,96137.13,96473.51,12565.01
2024-12-01,96473.51,97896.77,95752.22,97276.47,17120.23
2024-12-02,97276.47,98219.29,94419.96,95859.75,52454.21
2024-12-03,95859.75,96304.02,93590.91,95928.37,52781.18
2024-12-04,95928.37,99226.36,94663.42,98751.87,59092.56
2024-12-05,98751.87,104028.51,91741.97,97053.82,119875.77
2024-12-06,97053.82,102088.57,96427.0,99897.97,56899.67
2024-12-07,99897.97,100578.8,99025.63,99926.38,17306.94
2024-12-08,99926.38,101430.6,98730.22,101189.81,17851.8
2024-12-09,101189.81,101290.02,94567.01,97338.34,69981.57
2024-12-10,97338.34,98316.66,94284.0,96657.88,68661.06999999999
2024-12-11,96657.88,101979.09,95730.76,101203.07,55047.49
2024-12-12,101203.07,102598.04,99311.56,100041.98,47200.66
2024-12-13,100041.98,101947.1,99232.64,101429.78,34639.86
2024-12-14,101429.78,102653.76,100606.28,101402.95,16577.739999999998
2024-12-15,101402.95,105140.47,101228.16,104424.54,24799.67
2024-12-16,104424.54,107829.08,103299.75,106089.2,60439.2
2024-12-17,106089.2,108369.13,105308.99,106140.14,40879.27
2024-12-18,106140.14,106502.15,99946.11,100147.26,75094.41
2024-12-19,100147.26,102767.84,95555.55,97381.1,80969.48
2024-12-20,97381.1,98131.87,92144.03,97769.49,84967.2
2024-12-21,97769.49,99529.45,96379.46,97223.39,29797.5
2024-12-22,97223.39,97387.01,94186.04,95098.66,29661.74
2024-12-23,95098.66,96428.13,92378.53,94771.64,57639.31
2024-12-24,94771.64,99439.54,93437.9,98606.93,40945.61
2024-12-25,98606.93,99484.75,97568.85,99356.06,21801.55
2024-12-26,99356.06,99888.75,95098.08,95680.19,38437.54
2024-12-27,95680.19,97351.17,93270.34,94170.09,47149.3
2024-12-28,94170.09,95542.25,94008.53,95140.15,14159.69
2024-12-29,95140.15,95175.67,92850.44,93564.85,17921.920000000002
2024-12-30,93564.85,94910.24,91310.52,92646.21,56846.08
2024-12-31,92646.21,96139.7,91894.97,93391.98,38897.72
2025-01-01,93391.98,94953.5,92728.81,94392.51,19153.02
2025-01-02,94392.51,97766.59,94197.85,96900.96,38283.29
2025-01-03,96900.96,98963.23,96021.74,98135.8,28427.32
2025-01-04,98135.8,98757.16,97522.47,98213.69,9919.47
2025-01-05,98213.69,98818.4,97248.4,98346.97,9872.67
2025-01-06,98346.97,102530.34,97908.09,102282.2,46146.97
2025-01-07,102282.2,102747.54,96112.95,96942.47,54319.13
2025-01-08,96942.47,97251.53,92488.45,95051.06,57721.94
2025-01-09,95051.06,95345.44,91197.56,92548.12,50519.29
2025-01-10,92548.12,95845.36,92206.53,94710.29,55479.84
2025-01-11,94710.29,94985.54,93826.56,94569.95,9594.21
2025-01-12,94569.95,95388.08,93675.7,94505.67,10865.92
2025-01-13,94505.67,95894.16,89153.4,94517.66,67978.57
2025-01-14,94517.66,97357.87,94324.09,96526.87,44347.28
2025-01-15,96526.87,100719.11,96466.75,100510.84,43167.21
2025-01-16,100510.84,100867.35,97275.38,99979.43,43426.88
2025-01-17,99979.43,105926.06,99941.15,104111.13,54200.84
2025-01-18,104111.13,104927.11,102234.37,104431.52,25366.579999999998
2025-01-19,104431.52,106317.18,99537.53,101212.56,41597.35
2025-01-20,101212.56,109340.21,99449.75,102148.74,68840.36
2025-01-21,102148.74,107252.77,100069.04,106155.61,84552.78
2025-01-22,106155.61,106398.57,103321.48,103669.08,43996.49
2025-01-23,103669.08,106865.3,101221.0,103933.88,94063.65
2025-01-24,103933.88,107170.86,102751.09,104854.78,40201.94
2025-01-25,104854.78,105282.15,104107.08,104733.15,11835.67
2025-01-26,104733.15,105475.33,102487.8,102576.93,14118.630000000001
2025-01-27,102576.93,103230.24,97712.77,102065.72,94472.11
2025-01-28,102065.72,103787.72,100221.08,101284.47,44096.37
2025-01-29,101284.47,104796.98,101279.83,103742.97,47080.07
2025-01-30,103742.97,106472.04,103297.81,104739.58,36659.18
2025-01-31,104739.58,106101.91,101514.21,102412.41,42222.31
2025-02-01,102412.41,102768.26,100270.22,100619.87,15691.71
2025-02-02,100619.87,101436.9,96158.45,97665.06,56620.32
2025-02-03,97665.06,102575.82,91142.87,101451.28,119095.75
2025-02-04,101451.28,101800.32,95090.81,97794.88,63348.19
2025-02-05,97794.88,99208.65,96175.47,96633.71,42695.61
2025-02-06,96633.71,99180.75,95691.57,96564.27,44725.090000000004
2025-02-07,96564.27,100202.29,95630.04,96532.73,51939.12
2025-02-08,96532.73,96906.35,95685.31,96475.59,12529.35
2025-02-09,96475.59,97340.86,94752.27,96485.6,18638.5
2025-02-10,96485.6,98363.35,95276.7,97458.59,28119.41
2025-02-11,97458.59,98499.44,94852.37,95781.05,29002.600000000002
2025-02-12,95781.05,98127.45,94087.33,97874.61,40118.72
2025-02-13,97874.61,98104.11,95225.08,96632.78,23246.75
2025-02-14,96632.78,98869.28,96282.72,97508.71,20187.19
2025-02-15,97508.71,97979.54,97245.24,97596.21,5831.48
2025-02-16,97596.21,97728.27,96069.15,96132.69,6632.77
2025-02-17,96132.69,97046.2,95226.61,95790.31,14565.3
2025-02-18,95790.31,96736.69,93361.47,95630.67,26359.53
2025-02-19,95630.67,96885.35,95032.61,96640.99,17048.52
2025-02-20,96640.99,98763.14,96430.11,98345.66,21068.47
2025-02-21,98345.66,99519.21,94775.25,96150.27,40404.87
2025-02-22,96150.27,96973.86,95771.79,96580.46,11673.76
2025-02-23,96580.46,96674.04,95255.75,96274.12,14859.4
2025-02-24,96274.12,96514.26,91349.77,91536.97,31216.15
2025-02-25,91536.97,92540.35,85944.14,88609.26,73085.74
2025-02-26,88609.26,89320.19,82199.13,84128.38,59111.38
2025-02-27,84128.38,87008.08,82601.58,84657.34,46301.46
2025-02-28,84657.34,85114.25,78203.72,84322.57,79539.19
2025-03-01,84322.57,86537.62,83798.96,86050.58,18530.02
2025-03-02,86050.58,95106.04,85047.82,94275.76,48038.07
2025-03-03,94275.76,94415.65,85071.66,86158.95,65233.71
2025-03-04,86158.95,88941.97,81449.43,87255.42,67017.21
2025-03-05,87255.42,91001.98,86341.87,90610.8,38856.77
2025-03-06,90610.8,92808.83,87818.33,89931.91,38977.54
2025-03-07,89931.91,91275.25,84649.25,86766.61,70464.28
2025-03-08,86766.61,86860.89,85206.97,86225.0,10574.18
2025-03-09,86225.0,86509.85,80006.76,80719.05,23565.35
2025-03-10,80719.05,84037.25,77420.92,78561.62,54996.99
2025-03-11,78561.62,83608.26,76581.52,82919.47,46456.31
2025-03-12,82919.47,84410.29,80596.11,83665.14,33320.78
2025-03-13,83665.14,84307.29,79915.4,81081.43,25813.84
2025-03-14,81081.43,85315.9,80787.81,83995.47,27692.210000000003
2025-03-15,83995.47,84688.82,83628.73,84355.92,6081.09
2025-03-16,84355.92,85083.1,81992.19,82572.37,13119.199999999999
2025-03-17,82572.37,84760.98,82442.95,84025.12,19966.06
2025-03-18,84025.12,84039.3,81137.39,82716.74,20939.97
2025-03-19,82716.74,87036.45,82562.03,86878.5,30764.12
2025-03-20,86878.5,87483.4,83611.66,84178.31,25040.149999999998
2025-03-21,84178.31,84798.7,83129.17,84060.48,15799.449999999999
2025-03-22,84060.48,84503.68,83661.65,83837.39,4784.2699999999995
2025-03-23,83837.39,86126.45,83807.2,86091.67,7450.6
2025-03-24,86091.67,88782.52,85546.71,87520.48,26225.71
2025-03-25,87520.48,88575.0,86325.18,87439.7,23097.2
2025-03-26,87439.7,88297.12,85867.66,86923.95,19657.35
2025-03-27,86923.95,87779.02,85817.84,87218.89,16968.52
2025-03-28,87218.89,87492.39,83544.63,84387.01,25383.94
2025-03-29,84387.01,84583.02,81634.23,82625.65,11328.62
2025-03-30,82625.65,83516.72,81563.47,82379.51,10151.58
2025-03-31,82379.51,83917.4,81290.13,82539.52,22937.47
2025-04-01,82539.52,85554.98,82419.98,85174.96,23296.36
2025-04-02,85174.96,88505.24,82299.2,82490.58,41160.06
2025-04-03,82490.58,83928.41,81178.57,83158.8,28340.46
2025-04-04,83158.8,84716.02,81648.68,83860.21,37104.62
2025-04-05,83860.21,84230.44,82357.52,83503.37,7478.66
2025-04-06,83503.37,83756.1,77079.93,78365.57,29753.879999999997
2025-04-07,78365.57,81172.27,74426.93,79143.06,71279.71
2025-04-08,79143.06,80835.83,76181.24,76255.1,39397.82
2025-04-09,76255.1,83574.06,74569.86,82587.03,62853.17
2025-04-10,82587.03,82710.13,78405.82,79554.96,31362.13
2025-04-11,79554.96,84266.51,78924.27,83386.0,29349.5
2025-04-12,83386.0,85899.74,82766.93,85272.12,14180.78
2025-04-13,85272.12,86079.47,83019.76,83730.92,16310.92
2025-04-14,83730.92,85796.21,83667.03,84575.75,24118.6
2025-04-15,84575.75,86473.18,83596.04,83638.17,18209.98
2025-04-16,83638.17,85485.35,83094.96,84029.4,22244.37
2025-04-17,84029.4,85472.23,83725.98,84943.42,15229.6
2025-04-18,84943.42,85132.75,84287.73,84459.96,5504.82
2025-04-19,84459.96,85614.27,84355.7,85061.54,5342.1900000000005
2025-04-20,85061.54,85302.3,83954.54,85167.14,5694.45
2025-04-21,85167.14,88526.3,85132.52,87515.57,30403.01
2025-04-22,87515.57,93937.07,87084.84,93483.3,42804.700000000004
2025-04-23,93483.3,94656.65,91943.03,93729.23,32977.87
2025-04-24,93729.23,94047.54,91693.21,94022.48,21490.55
2025-04-25,94022.48,95924.19,92883.11,94711.24,32483.14
2025-04-26,94711.24,95258.03,93916.48,94663.66,7391.41
2025-04-27,94663.66,95346.43,93671.22,93777.44,7713.97
2025-04-28,93777.44,95636.66,92864.35,95035.06,20417.05
2025-04-29,95035.06,95487.2,93780.51,94274.16,16856.74
2025-04-30,94274.16,95250.77,92968.85,94186.14,21486.04
2025-05-01,94186.14,97505.38,94150.92,96519.31,23665.15
2025-05-02,96519.31,97939.99,96386.78,96925.07,16175.06
2025-05-03,96925.07,96963.89,95826.0,95903.14,7082.92
2025-05-04,95903.14,96326.95,94313.27,94394.09,10960.75
2025-05-05,94394.09,95224.21,93694.42,94767.95,17619.94
2025-05-06,94767.95,96911.52,93382.91,96835.87,18330.24
2025-05-07,96835.87,97720.02,95816.56,97052.27,20000.93
2025-05-08,97052.27,104147.97,96905.18,103259.0,40299.95
2025-05-09,103259.0,104353.74,102332.43,102982.3,22760.45
2025-05-10,102982.3,104980.23,102830.2,104814.08,9107.4
2025-05-11,104814.08,104958.29,103353.87,104124.02,10980.95
2025-05-12,104124.02,105783.35,100723.18,102802.44,27678.95
2025-05-13,102802.44,105015.14,101466.16,104136.59,20326.98
2025-05-14,104136.59,104357.47,102615.68,103543.76,16577.25
2025-05-15,103543.76,104197.65,101407.14,103787.64,17867.510000000002
2025-05-16,103787.64,104594.19,103138.18,103499.6,14498.26
2025-05-17,103499.6,103729.29,102642.39,103159.32,5830.14
2025-05-18,103159.32,106670.63,103144.58,106488.62,12986.87
2025-05-19,106488.62,107117.46,102104.37,105618.19,23756.73
2025-05-20,105618.19,107339.72,104220.59,106875.88,19460.71
2025-05-21,106875.88,110778.49,106133.62,109699.86,38005.1
2025-05-22,109699.86,111998.96,109250.4,111722.11,25391.670000000002
2025-05-23,111722.11,111810.26,106807.62,107332.91,25390.33
2025-05-24,107332.91,109512.56,106896.28,107779.46,8974.84
2025-05-25,107779.46,109349.07,106643.02,109041.44,10033.33
2025-05-26,109041.44,110459.23,108718.82,109461.24,14310.310000000001
2025-05-27,109461.24,110802.2,107543.83,108975.95,22990.07
2025-05-28,108975.95,109328.61,106799.94,107821.11,18610.54
2025-05-29,107821.11,108929.95,105327.79,105586.78,24372.04
2025-05-30,105586.78,106348.19,103650.43,104039.27,23541.75
2025-05-31,104039.27,104959.61,103127.75,104654.65,8552.6
2025-06-01,104654.65,105924.77,103823.88,105702.19,7524.78
2025-06-02,105702.19,105988.22,103708.71,105908.79,15178.7
2025-06-03,105908.79,106888.12,104926.88,105447.66,15596.96
2025-06-04,105447.66,106044.55,104206.69,104746.0,12621.95
2025-06-05,104746.0,105975.11,100418.61,101580.61,27489.96
2025-06-06,101580.61,105426.24,101174.97,104392.54,23040.48
2025-06-07,104392.54,105974.42,103976.29,105625.23,8589.539999999999
2025-06-08,105625.23,106537.25,105042.03,105779.28,5871.71
2025-06-09,105779.28,110543.89,105372.62,110302.12,17851.92
2025-06-10,110302.12,110403.6,108373.44,110296.2,15646.86
2025-06-11,110296.2,110425.64,108096.82,108676.78,14497.22
2025-06-12,108676.78,108843.81,105721.73,105726.04,18051.35
2025-06-13,105726.04,106224.76,102773.14,106121.08,27266.38
2025-06-14,106121.08,106260.08,104386.29,105481.13,7543.42
2025-06-15,105481.13,106189.63,104546.11,105625.23,6583.11
2025-06-16,105625.23,109014.33,105016.81,106855.39,17191.02
2025-06-17,106855.39,107795.31,103378.64,104598.68,22652.12
2025-06-18,104598.68,105579.84,103547.15,104927.87,18605.59
2025-06-19,104927.87,105264.38,103951.44,104699.72,9905.94
2025-06-20,104699.72,106559.45,102367.77,103313.31,17700.78
2025-06-21,103313.31,104021.01,100925.53,102165.68,11217.18
2025-06-22,102165.68,103430.09,98264.46,101015.42,30700.21
2025-06-23,101015.42,106134.09,99685.07,105423.73,35198.88
2025-06-24,105423.73,106358.78,104710.65,106133.25,19908.29
2025-06-25,106133.25,108196.78,105880.48,107399.88,19838.9
2025-06-26,107399.88,108330.6,106605.5,107012.17,14664.25
2025-06-27,107012.17,107793.99,106421.82,107105.16,16821.31
2025-06-28,107105.16,107591.48,106884.15,107346.44,3472.47
2025-06-29,107346.44,108538.36,107233.58,108391.87,6094.35
2025-06-30,108391.87,108815.66,106756.38,107169.82,14220.51
2025-07-01,107169.82,107574.08,105295.02,105724.18,15730.49
2025-07-02,105724.18,109818.47,105143.1,108886.62,19611.45
2025-07-03,108886.62,110584.4,108579.56,109638.97,16647.65
2025-07-04,109638.97,109810.02,107283.92,108027.71,10440.1
2025-07-05,108027.71,108444.73,107798.16,108244.51,3465.14
2025-07-06,108244.51,109728.96,107846.02,109233.93,5651.5599999999995
2025-07-07,109233.93,109737.83,107513.97,108277.16,13350.42
2025-07-08,108277.16,109248.31,107445.04,108955.05,12122.13
2025-07-09,108955.05,112077.21,108341.92,111291.7,19761.34
2025-07-10,111291.7,116848.31,110555.52,116023.34,31905.27
2025-07-11,116023.34,118890.32,115236.69,117573.92,26050.25
2025-07-12,117573.92,118239.99,116954.09,117468.16,7395.66
2025-07-13,117468.16,119503.56,117264.6,119127.66,9553.52
2025-07-14,119127.66,123220.28,118951.55,119869.01,31361.690000000002
2025-07-15,119869.01,119958.94,115709.64,117777.9,50123.19
2025-07-16,117777.9,120122.22,117043.92,118700.37,27837.69
2025-07-17,118700.37,121020.95,117485.98,119282.74,25218.5
2025-07-18,119282.74,120911.16,116902.92,118025.92,26111.489999999998
2025-07-19,118025.92,118572.53,117339.41,117913.27,6706.12
2025-07-20,117913.27,119100.94,116423.09,117328.61,41313.6
2025-07-21,117328.61,119712.2,116581.7,117441.75,18543.71
2025-07-22,117441.75,120298.65,116186.23,120023.5,21981.49
2025-07-23,120023.5,120167.5,117361.89,118808.78,17163.69
2025-07-24,118808.78,119555.88,117214.42,118397.33,17930.71
2025-07-25,118397.33,118523.27,114756.37,117644.11,47767.95
2025-07-26,117644.11,118355.11,117143.68,117971.27,10959.82
2025-07-27,117971.27,119808.28,117872.15,119468.71,10341.66
2025-07-28,119468.71,119835.44,117403.28,118059.92,18092.61
2025-07-29,118059.92,119285.96,116933.73,117942.11,17580.07
2025-07-30,117942.11,118800.1,115769.47,117853.3,18335.35
2025-07-31,117853.3,118927.15,115493.77,115765.36,16934.9
2025-08-01,115765.36,116060.68,112682.82,113263.48,33588.85
2025-08-02,113263.48,114033.98,112006.36,112546.32,12452.57
2025-08-03,112546.32,114803.51,111925.95,114238.83,8326.85
2025-08-04,114238.83,115744.56,114140.41,115065.9,14470.63
2025-08-05,115065.9,115111.39,112629.49,114127.63,16922.899999999998
2025-08-06,114127.63,115748.22,113364.73,115038.45,14480.67
2025-08-07,115038.45,117690.87,114288.63,117522.28,16359.64
2025-08-08,117522.28,117698.38,115895.35,116692.86,14582.369999999999
2025-08-09,116692.86,117940.29,116360.05,116501.28,7930.5199999999995
2025-08-10,116501.28,119320.76,116496.35,119311.7,10554.15
2025-08-11,119311.7,122309.71,118106.91,118714.58,25659.89
2025-08-12,118714.58,120325.99,118214.28,120128.24,18213.62
2025-08-13,120128.24,123735.38,118948.18,123374.56,27352.98
2025-08-14,123374.56,124532.7,117241.12,118391.59,35491.869999999995
2025-08-15,118391.59,119335.93,116865.92,117440.09,19724.56
2025-08-16,117440.09,118000.57,117242.73,117469.52,6405.99
2025-08-17,117469.52,118639.81,117268.69,117488.0,6706.31
2025-08-18,117488.0,117627.66,114716.49,116292.15,22732.82
2025-08-19,116292.15,116789.95,112738.04,112870.67,26286.85
2025-08-20,112870.67,114642.26,112387.14,114291.37,22978.24
2025-08-21,114291.37,114816.84,111993.84,112491.84,19947.31
2025-08-22,112491.84,117428.1,111675.14,116909.79,28375.72
2025-08-23,116909.79,117003.31,114533.54,115391.76,8271.26
2025-08-24,115391.76,115626.28,110860.71,113486.67,17025.84
2025-08-25,113486.67,113648.57,109292.22,110150.15,33305.34
2025-08-26,110150.15,112407.53,108701.29,111805.93,27215.81
2025-08-27,111805.93,112669.11,110381.63,111276.98,21850.84
2025-08-28,111276.98,113487.65,110887.39,112582.21,16865.13
2025-08-29,112582.21,112646.73,107512.41,108393.15,29122.98
2025-08-30,108393.15,108937.23,107381.29,108833.53,9682.98
2025-08-31,108833.53,109510.25,108095.95,108273.72,9099.54
2025-09-01,108273.72,109913.29,107271.39,109256.28,21783.82
2025-09-02,109256.28,111796.23,108420.77,111245.94,27112.9
2025-09-03,111245.94,112601.73,110556.54,111751.51,19087.47
2025-09-04,111751.51,112225.93,109345.22,110732.33,19577.2
2025-09-05,110732.33,113400.39,110217.27,110676.99,28328.3
2025-09-06,110676.99,111320.3,110019.89,110230.16,6640.63
2025-09-07,110230.16,111607.85,110215.7,111143.24,6492.41
2025-09-08,111143.24,112937.76,110628.16,112089.06,16345.82
2025-09-09,112089.06,113293.12,110777.59,111549.14,18844.58
2025-09-10,111549.14,114341.92,110940.58,113988.2,23523.08
2025-09-11,113988.2,115543.74,113457.52,115537.84,18345.68
2025-09-12,115537.84,116816.49,114785.3,116116.26,20842.83
2025-09-13,116116.26,116361.05,115207.42,115971.92,7083.57
2025-09-14,115971.92,116227.37,115203.8,115351.87,7290.45
2025-09-15,115351.87,116808.07,114427.7,115401.06,18559.6
2025-09-16,115401.06,117006.56,114765.74,116838.31,16305.17
2025-09-17,116838.31,117331.11,114742.84,116488.17,23702.510000000002
2025-09-18,116488.17,117981.11,116134.78,117126.46,19195.15
2025-09-19,117126.46,117510.96,115150.85,115701.97,16753.48
2025-09-20,115701.97,116202.27,115488.37,115756.07,5995.46
2025-09-21,115756.07,115900.98,115262.9,115299.83,5422.99
2025-09-22,115299.83,115439.04,112027.44,112747.85,28253.0
2025-09-23,112747.85,113372.59,111518.32,112043.66,18488.7
2025-09-24,112043.66,114013.4,111118.7,113360.69,17597.57
2025-09-25,113360.69,113559.7,108664.26,109061.11,34940.33
2025-09-26,109061.11,110387.27,108695.14,109723.94,27943.91
2025-09-27,109723.94,109822.37,109156.33,109727.42,7106.01
2025-09-28,109727.42,112406.99,109280.14,112226.65,11935.69
2025-09-29,112226.65,112375.85,111631.26,111712.18,3858.2
